Price,Close,High,Low,Open,Volume
Ticker,AAPL,AAPL,AAPL,AAPL,AAPL
Date,,,,,
2021-01-04,125.9744644165039,130.0629610638514,123.39481436257799,129.97535392263828,143301900
2021-01-05,127.53199005126953,128.24262097829288,125.02048114625119,125.46827577350281,97664900
2021-01-06,123.23906707763672,127.57093452826126,123.02490637051051,124.32933639261917,155088000
2021-01-07,127.4443588256836,128.13551641563382,124.46559750336911,124.95232359796171,109578200
2021-01-08,128.5443878173828,129.10899197173987,126.77269738263777,128.91428961570313,105158200
2021-01-11,125.55586242675781,126.71427293823224,125.08860952298478,125.76029392736588,100384500
2021-01-12,125.38066864013672,126.24704065814508,123.4921686595174,125.08862995743296,91951100
2021-01-13,127.41519927978516,127.9603303123861,125.07891918186495,125.34174066662901,88636800
2021-01-14,125.48772430419922,127.5222357990049,125.34169756472754,127.32754833341085,90221800
2021-01-15,123.76470184326172,126.76293615289802,123.62841914071917,125.36116272463164,111598500
2021-01-19,124.4364013671875,125.29304408982054,123.57002946950722,124.38772578454656,90757300
2021-01-20,128.52491760253906,128.97271223666024,125.13730745125214,125.24438780808299,104319500
2021-01-21,133.23638916015625,135.96205811290383,130.04346734095793,130.24789882523683,120150900
2021-01-22,135.37802124023438,136.13731286135894,131.43553637442392,132.66208095000118,114459400
2021-01-25,139.12579345703125,141.23818305206848,132.91516336360118,139.27182020640586,157611700
2021-01-26,139.3594207763672,140.46915569228537,137.6169330170498,139.787742121757,98390600
2021-01-27,138.2886199951172,140.46915831522645,136.68242977361535,139.62224478331817,140843800
2021-01-28,133.45057678222656,138.22050212672593,133.07093096645877,135.81607367562873,142621100
2021-01-29,128.45677185058594,133.10987264929705,126.753230328146,132.22402749273948,177523800
2021-02-01,130.57887268066406,131.78595871131816,127.45408469869479,130.19922693086417,106239800
2021-02-02,131.40631103515625,132.69126014883398,131.03639446508643,132.12665611956461,83305400
2021-02-03,130.3842315673828,132.16565144314657,130.0629904566346,132.1559074116743,89880900
2021-02-04,133.7425994873047,133.75232866214105,131.01693030921246,132.68154013575978,84183100
2021-02-05,133.32826232910156,133.97170445351236,132.45085206919504,133.90346870595903,75693800
2021-02-08,133.4745330810547,133.5232814106689,131.53446261926186,132.61661008272995,71297200
2021-02-09,132.59710693359375,134.42019329345555,132.44113310608114,133.19180084894626,76774200
2021-02-10,131.99266052246094,133.5525177010359,131.02749721967888,133.0553056014661,73046600
2021-02-11,131.73919677734375,132.9675743269367,130.41332257065082,132.4898645085888,64280000
2021-02-12,131.97312927246094,132.12911793128706,130.33529298247856,130.97873504321333,60145100
2021-02-16,129.84783935546875,132.59706880200096,129.45786770907952,132.0901279755408,80576300
2021-02-17,127.55683898925781,128.9022155221852,126.22122104772362,127.95655446293937,97918500
2021-02-18,126.45518493652344,126.7379014019475,124.21289601346298,125.95797287967874,96856700
2021-02-19,126.61116027832031,127.43009341839543,125.56801758188449,126.9718859638425,87668800
2021-02-22,122.83827209472656,126.46492703235708,122.44830783858197,124.7978296513902,103916400
2021-02-23,122.7017822265625,123.5304515985531,115.41922654111875,120.6544792375418,158273000
2021-02-24,122.20458221435547,122.40931177714582,119.16287735238498,121.80487424070276,111039900
2021-02-25,117.95399475097656,123.28673718148006,117.51528958023444,121.55140392768223,148199500
2021-02-26,118.21720123291016,121.71711309193381,118.15870176681696,119.51382163045578,164560400
2021-03-01,124.5833740234375,124.71986041672858,119.70883872604007,120.6447486105863,116307900
2021-03-02,121.98036193847656,125.49002551913253,121.87312157746639,125.18780674062197,102260900
2021-03-03,118.99713134765625,122.55554294590044,118.78265064406548,121.6781252666424,112966300
2021-03-04,117.11556243896484,120.49849054949536,115.64345838509743,118.69491428410296,178155000
2021-03-05,118.3731918334961,118.88014757741405,114.61980182519049,117.94423786319923,153766600
2021-03-08,113.440185546875,117.96375368831654,113.29394800099358,117.8955104919653,154376600
2021-03-09,118.05148315429688,118.99714411910483,115.80920155325997,116.04317714685729,129525800
2021-03-10,116.9693374633789,119.10437859558475,116.45263053937967,118.63642743151894,111943300
2021-03-11,118.89965057373047,120.1182842596345,118.21721868480411,119.46509838909789,103026500
2021-03-12,117.99298858642578,118.12947496626138,116.16991732521446,117.37879987716553,88105100
2021-03-15,120.87870025634766,120.88845140763532,117.39828304156515,118.36344619441722,92403800
2021-03-16,122.41905975341797,124.02765763412758,121.59039037182497,122.54579497339591,115227900
2021-03-17,121.62940979003906,122.70180609403398,119.2701289957093,120.93722665347914,111932600
2021-03-18,117.50553894042969,120.08904396527872,117.30080936399335,119.79656889154106,121229700
2021-03-19,116.97909545898438,118.3829639984745,116.67687665204714,116.89135739424152,185549500
2021-03-22,120.29376220703125,120.76172079332808,117.24230627726561,117.31054946298083,111912300
2021-03-23,119.465087890625,121.12242658262932,119.07512365781542,120.2352652049879,95467100
2021-03-24,117.07656860351562,119.81606211005297,117.05707373778829,119.73806777124454,88530500
2021-03-25,117.56402587890625,118.60718345893137,116.0139273940255,116.5403780411406,98844700
2021-03-26,118.1684799194336,118.4317089821302,115.93594193373995,117.33005928068575,94071200
2021-03-29,118.34394836425781,119.50408995901205,117.70051367598907,118.59742624167248,80819200
2021-03-30,116.89134979248047,117.37880328833072,115.87744562855794,117.09607936818357,85671900
2021-03-31,119.0848617553711,120.42047925105521,118.10995499918786,118.59740837727948,118323800
2021-04-01,119.91354370117188,121.0639340927336,119.41633912027298,120.55698579856444,75089100
2021-04-05,122.74079132080078,122.99426922039768,119.98180275866349,120.76173132452315,88651200
2021-04-06,123.04299926757812,123.93991183273825,122.49705378234141,123.32572316184695,80171300
2021-04-07,124.69059753417969,124.7100924000349,121.99985233123647,122.67254049145967,83466700
2021-04-08,127.08889770507812,127.11814372974433,125.29507210467128,125.71427504215544,88844600
2021-04-09,129.66262817382812,129.70161790758218,126.22120772891054,126.54292881700623,106686700
2021-04-12,127.9468002319336,129.51640109938154,127.35210636598374,129.19468000377913,91420000
2021-04-13,131.05674743652344,131.28098676840776,128.6194798143975,129.11669192988782,91266500
2021-04-14,128.7169952392578,131.61247078663607,128.35628433887234,131.55397873531984,87222800
2021-04-15,131.125,131.6124535315985,130.2865793306145,130.4620703374586,89347100
2021-04-16,130.79354858398438,131.29074588188703,129.935625520087,130.93003499179508,84922400
2021-04-19,131.45645141601562,132.07064756343885,129.99409097045535,130.15982336917756,94264200
2021-04-20,129.7698516845703,132.12912448166279,128.5024698015972,131.63192734239016,94812300
2021-04-21,130.15011596679688,130.39384277572347,128.0053230234237,129.0387223131278,68847100
2021-04-22,128.62918090820312,130.78371619258036,128.11248159334917,129.7015692570402,84566500
2021-04-23,130.94949340820312,131.72940697661994,128.84369107132306,128.84369107132306,78657500
2021-04-26,131.33944702148438,131.67091176764876,130.2085515483263,131.44668736593727,66905100
2021-04-27,131.0177764892578,132.01218598694598,130.74480366650468,131.62221418593927,66015800
2021-04-28,130.2280731201172,131.6319415185454,129.74061964154626,130.93975103357886,107760100
2021-04-29,130.1305694580078,133.630496551131,129.12641653636294,133.0455464580238,151101000
2021-04-30,128.1612548828125,130.20855024381436,127.78104182463377,128.47321732434253,109839500
2021-05-03,129.2141571044922,130.70577838338053,128.5219815192614,128.7267036427075,75135100
2021-05-04,124.64185333251953,128.19052150938094,123.52070884107249,127.89804644623831,137564700
2021-05-05,124.88558959960938,127.17661206810328,124.75884693241741,125.95797834787251,84000900
2021-05-06,126.48444366455078,126.49418737954478,123.93992827849607,124.68085970531065,78128300
2021-05-07,127.15824890136719,128.1836279216994,126.44534732764843,127.78324849809151,78973300
2021-05-10,123.87699890136719,126.50394796231055,123.83793549239249,126.3770049216638,88071200
2021-05-11,122.95904541015625,123.31060121990447,119.89263087268371,120.60552510907532,126142800
2021-05-12,119.8926010131836,121.71877596895344,119.38479168061018,120.50784029083053,112172300
2021-05-13,122.04107666015625,123.19342127323375,121.34771783923617,121.66021769444781,105861300
2021-05-14,124.46293640136719,124.892626453878,122.90043727939631,123.29106392253492,81918000
2021-05-17,123.31059265136719,123.95512773405065,122.23637496414497,123.84770522027007,74244600
2021-05-18,121.92387390136719,124.01371786549493,121.8555147978895,123.59379552967953,63342900
2021-05-19,121.76762390136719,121.99222918408067,119.98051210138631,120.27348393601976,92612000
2021-05-20,124.32622528076172,124.72661966171272,122.1680220813628,122.2949800317053,76857100
2021-05-21,122.49028778076172,125.00005419589023,122.27544274551913,124.8242725716539,79295400
2021-05-24,124.12113189697266,124.94144853323611,122.9883229095211,123.05668200832781,63092900
2021-05-25,123.92582702636719,125.31255193436976,123.35941878581565,124.8242630592938,72009500
2021-05-26,123.87699890136719,124.40434374665045,123.45707656811848,123.98442141340175,56575900
2021-05-27,122.34379577636719,124.64848475719648,122.14848618161899,123.47661228754039,94625600
2021-05-28,121.68948364257812,122.851595687509,121.63089226235721,122.6269829790248,71311100
2021-06-01,121.36723327636719,122.4121552577231,121.03520547415292,122.1484865589402,67637100
2021-06-02,122.12895202636719,122.30473364370846,121.14262887683675,121.36723416808287,59278900
2021-06-03,120.64458465576172,121.92387970340114,120.2441902802076,121.75786579428137,76229200
2021-06-04,122.93951416015625,123.20319033966574,120.94732476737572,121.16216981717328,75169300
2021-06-07,122.94926452636719,123.3594191359653,121.90434257301015,123.21293321808503,71057600
2021-06-08,123.76958465576172,125.44928155152503,123.2520074907996,123.63286644051075,74403800
2021-06-09,124.15044403076172,124.75591573650723,123.55474004059155,124.22857085419675,56877900
2021-06-10,123.15435791015625,125.18561069515118,122.98834399182276,124.04302634697638,71186400
2021-06-11,124.36528015136719,124.45317468407444,123.14457656242446,123.5644988950441,53522400
2021-06-14,127.42191314697266,127.4805045322462,124.0918377902917,124.82425990854335,96906500
2021-06-15,126.60163116455078,127.53913823394846,126.35749040598746,126.89460305506064,62746300
2021-06-16,127.09967803955078,127.82234007827095,125.44929896252637,127.31452310778732,91815000
2021-06-17,128.70123291015625,129.4434303366887,126.61138865865254,126.75788205128507,96721700
2021-06-18,127.40238952636719,128.42776854609338,127.1875445181359,127.64653022652405,108953300
2021-06-21,129.19927978515625,129.30670230447237,126.18170388050524,127.24615390753081,79663300
2021-06-22,130.83993530273438,130.9375975846505,128.53524552053173,129.033302296663,74783600
2021-06-23,130.5664520263672,131.171931135257,130.10746628787817,130.63481857945425,60214200
2021-06-24,130.2832489013672,131.48441699311277,129.81448802069463,131.29886767382567,68711000
2021-06-25,129.99029541015625,130.7520133222248,129.69732354370646,130.33209840454234,70783700
2021-06-28,131.62115478515625,132.08014056924634,130.22467690249317,130.28326829600795,62111300
2021-06-29,133.13479614257812,133.2910497525751,131.2012061476498,131.64065638724745,64556100
2021-06-30,133.75006103515625,134.1895113589195,132.68559615169934,132.9785680012639,63261400
2021-07-01,134.05279541015625,134.11138680082388,132.5781758729055,133.39850004575504,52485800
2021-07-02,136.67974853515625,136.7188044942125,134.52153799341264,134.66801646633246,78852600
2021-07-06,138.69146728515625,139.79497322979873,136.78717260963688,136.78717260963688,108181800
2021-07-07,141.18170166015625,141.4941940308165,139.31646299700128,140.17582819219206,104911600
2021-07-08,139.8828887939453,140.68366270138483,137.37311474377276,138.2617906456667,105575500
2021-07-09,141.70904541015625,142.2363828285555,139.30669407903906,139.4043563311566,99890800
2021-07-12,141.11334228515625,142.89069395646402,140.62506082396192,142.78327143895456,76299700
2021-07-13,142.2266082763672,144.00395975842287,140.26372237579417,140.6543415426895,100827100
2021-07-14,145.65435791015625,146.06452746184092,144.218809182764,144.62897873444868,127050800
2021-07-15,145.00006103515625,146.48444087501676,143.64263914576114,145.74225840567044,106820300
2021-07-16,142.9590606689453,146.25007329563246,142.46101889049345,144.98055328375486,93251400
2021-07-19,139.11135864257812,140.69340040632105,138.3496409012505,140.3808931785124,121434600
2021-07-20,142.7246856689453,143.6524324995489,139.60946201556987,140.09774354697396,96350000
2021-07-21,141.99221801757812,142.70511955455981,141.24027542823887,142.1191759435654,74993500
2021-07-22,143.3594207763672,144.72660272403846,142.39261824833602,142.51957617960753,77338200
2021-07-23,145.0781707763672,145.23442440451626,143.47660834075452,144.09184768836266,71447400
2021-07-26,145.4981231689453,146.31843249256286,144.23834858516193,144.79499663408214,72434100
2021-07-27,143.3301544189453,145.71297050212902,142.13874637735347,145.62506850801552,104818600
2021-07-28,141.5820770263672,143.52544245138444,139.19926130154866,141.41606313093854,118931200
2021-07-29,142.2266082763672,143.11528401739503,141.19145407304512,141.29887657911624,56699500
2021-07-30,142.44143676757812,142.90042243108647,140.7324520335854,140.99612813629884,70440600
2021-08-02,142.1094970703125,143.5059754513124,141.84582080423422,142.92980667458545,62880000
2021-08-03,143.9063262939453,144.57038199069586,141.7774111754852,142.39265064248633,64786600
2021-08-04,143.5059356689453,144.3262450458141,142.851640220645,143.818442994135,56368300
2021-08-05,143.61337280273438,144.37509085887814,142.7442322052795,143.53524596349257,46397700
2021-08-06,142.92874145507812,143.87742801771682,142.42995348932268,143.1341335136214,54126800
2021-08-09,142.87979125976562,143.47638761858664,142.32232429166498,142.98737469901172,48908700
2021-08-10,142.40060424804688,144.46423988872255,142.10719343722454,143.22214257955443,69023100
2021-08-11,142.65484619140625,143.49594899053452,142.332095881143,142.84067348429932,48493500
2021-08-12,145.6182861328125,145.77477386971125,142.6353039384577,142.97761899748718,72282600
2021-08-13,145.8236846923828,146.15620995558572,145.01192130974562,145.69653653501413,59375000
2021-08-16,147.79925537109375,147.867724340948,143.25144133200794,145.27594699492394,103296000
2021-08-17,146.8897247314453,148.3469738946529,145.81389018106398,146.92883920441727,92229700
2021-08-18,143.1438751220703,147.40806875624398,142.9384831112802,146.50828669516952,86326000
2021-08-19,143.4764404296875,144.74787747327346,141.32478577627037,141.8431384679369,86960300
2021-08-20,144.93368530273438,145.23687099584217,143.55466496618592,144.2001657522503,60549600
2021-08-23,146.4202880859375,146.88973641640624,144.6402734925246,145.05104264712142,60131800
2021-08-24,146.33224487304688,147.54500248159704,145.8725714606484,146.1659822444016,48606400
2021-08-25,145.09994506835938,147.0168826886461,144.5522528692755,146.51807985316438,58991300
2021-08-26,144.29794311523438,145.8432259179612,144.2686035304066,145.09015667605945,48597200
2021-08-27,145.33473205566406,145.48143004933948,143.6036211127998,144.23933231672513,55802400
2021-08-30,149.75537109375,150.11725094569553,145.34447818270277,145.72590781427007,90956700
2021-08-31,148.4936981201172,149.4423845898935,147.9655556918431,149.30546153876566,86453100
2021-09-01,149.15872192382812,151.57444704677317,148.9924593146708,149.47169736941174,80313700
2021-09-02,150.27369689941406,151.32019193818465,149.05116433458483,150.48886382470346,71115500
2021-09-03,150.909423828125,151.23217421828528,149.72600573087058,150.38128139931968,57808700
2021-09-07,153.24691772460938,153.80438486222874,150.99745462583329,151.5647115758547,82278300
2021-09-08,151.70162963867188,153.58921285674052,150.59645536526742,153.53053367824012,74420200
2021-09-09,150.6844940185547,152.67966077073964,150.56712073419473,152.07328934160887,57305700
2021-09-10,145.69651794433594,152.06346111215902,145.43244677560867,151.59401286380336,140893200
2021-09-13,146.2637939453125,148.09269782306362,145.48137014638132,147.32006383534568,102404300
2021-09-14,144.86520385742188,147.7503924466826,143.6818007748944,147.04621254489265,109296300
2021-09-15,145.75518798828125,146.15618215949596,143.15363570353327,145.29551465513066,83281300
2021-09-16,145.52049255371094,145.69654500672686,143.98499938228917,145.1781923829195,68034100
2021-09-17,142.85049438476562,145.54985605884855,142.55708356060515,145.54985605884855,129868800
2021-09-20,139.7990264892578,141.65726975585443,138.1657250042302,140.64012937196273,123478900
2021-09-21,140.2782440185547,141.42254742441006,139.6425331695155,140.76725695581268,75834000
2021-09-22,142.6450958251953,143.21233776359767,140.54233100418216,141.27585049264187,76404300
2021-09-23,143.60354614257812,143.84805262005506,142.4396929220293,143.42749371857937,64838200
2021-09-24,143.6915740966797,144.22949136628228,142.36145817706782,142.45926674371992,53477900
2021-09-27,142.17564392089844,142.75269063959104,140.65971546291632,142.27345249653945,74150700
2021-09-28,138.79168701171875,141.56927754565646,138.5765200764918,140.10223840010562,108972300
2021-09-29,139.6914825439453,141.2758801966286,138.90905860704783,139.3393925185162,74602000
2021-09-30,138.3907012939453,141.20742140322028,138.17553434540375,140.50324137590155,89056700
2021-10-01,139.51541137695312,139.77948259151805,136.0532056936857,138.7818918325454,94639600
2021-10-04,136.08255004882812,139.08509731906585,135.23167212302508,138.6449736382081,98322000
2021-10-05,138.00926208496094,139.11443634160335,136.29771642835235,136.42486459550415,80861100
2021-10-06,138.87969970703125,139.02639764577518,135.32946035449564,136.4052949835953,83221100
2021-10-07,140.14134216308594,141.0509141240026,139.5838750906148,139.91640035654444,61732700
2021-10-08,139.75991821289062,141.01179037767685,139.42739293363346,140.86509243785557,58773200
2021-10-11,139.67190551757812,141.62795772548145,138.69387941362646,139.1437779877816,64452200
2021-10-12,138.4004364013672,140.10220679881462,137.94076304556515,140.08264210270863,73035900
2021-10-13,137.8136444091797,138.29286758829517,136.1412134172162,138.13639477336537,78762700
2021-10-14,140.6010284423828,140.7184017237602,138.40046969110713,138.98729132751163,69907100
2021-10-15,141.6572723388672,141.7159515069994,140.35649605913446,140.6107923523626,67940300
2021-10-18,143.3297119140625,143.61333288501362,140.0142044027078,140.2978253736589,85589200
2021-10-19,145.4911346435547,145.89212886384934,143.32970565575582,143.7795892346543,76378900
2021-10-20,145.9801483154297,146.45938640466994,144.8651993263839,145.43245616972183,58418800
2021-10-21,146.1952667236328,146.3517544057804,144.62064486530346,145.53999134356226,61421000
2021-10-22,145.42269897460938,146.879948270264,145.37379468633046,146.40072504621372,58883400
2021-10-25,145.37379455566406,146.08774940871533,144.3762037849461,145.41290903215594,50720600
2021-10-26,146.03887939453125,147.5254684740955,145.73567873669694,146.04865428407604,60893400
2021-10-27,145.57919311523438,146.43984594803317,145.22710311706854,146.07798106118008,56094900
2021-10-28,149.21742248535156,149.8042290860398,146.4300426307357,146.52785119259605,100077900
2021-10-29,146.50831604003906,146.64523910016035,143.1928080838573,143.9850068548087,124953200
2021-11-01,145.68673706054688,146.41046663790817,144.55222349385764,145.71607664214312,74588300
2021-11-02,146.72348022460938,148.23942366972244,145.38357431484795,145.39336412691904,69122000
2021-11-03,148.16114807128906,148.63059632188478,146.52784661894307,147.08531361837095,54511500
2021-11-04,147.642822265625,149.0805068605867,147.32984675958332,148.24919365421385,60394600
2021-11-05,148.17169189453125,149.07278712412187,146.976757690118,148.76915899673787,65463900
2021-11-08,147.34893798828125,148.4557248581422,147.0746922949958,148.29900876333065,55020900
2021-11-09,147.71136474609375,148.31862107112684,146.9767746966739,147.1138975747547,56787900
2021-11-10,144.88075256347656,147.04535126438861,144.81219859350324,146.93761078705322,65187100
2021-11-11,144.83175659179688,146.35970136863273,144.64565807110787,145.89937206123298,41000000
2021-11-12,146.90821838378906,147.3097829126506,144.44978082602336,145.3802585513719,63804000
2021-11-15,146.9180145263672,148.7593917575851,146.3597188974358,147.28040751304476,59222800
2021-11-16,147.89744567871094,148.37738316750236,146.2715496426627,146.8592275903554,59256200
2021-11-17,150.3363037109375,151.81527292494047,147.88767027666427,147.89745943010328,88807000
2021-11-18,154.62631225585938,155.40987800940817,149.90535437132496,150.55179723889825,137827700
2021-11-19,157.25125122070312,157.71159552855715,153.31384424629613,154.41082730572364,117305600
2021-11-22,157.71157836914062,162.2954127503928,157.69198511799027,158.35800620438556,117467900
2021-11-23,158.0935516357422,158.47553780293393,155.79183053518273,157.80950182574782,96041900
2021-11-24,158.61270141601562,158.8085891260157,156.35995538782916,157.44714936539495,69463600
2021-11-26,153.5880889892578,157.15329885394945,153.14733793761846,156.2913900038225,76959800
2021-11-29,156.94764709472656,157.87812500699889,155.52742744700635,156.09551231703932,88748200
2021-11-30,161.9036407470703,162.11912167836516,156.63417697403202,156.70274588184037,174048100
2021-12-01,161.3845672607422,166.8009442517478,161.14949302605055,164.03887803890356,152052500
2021-12-02,160.3953094482422,160.82627140546424,154.55777460571244,155.47846334245494,136739200
2021-12-03,158.5147247314453,161.57062931064843,156.43828843610964,160.64994078112508,118023100
2021-12-06,161.92323303222656,164.43063118657795,160.90459319122638,160.91438234430973,107497000
2021-12-07,167.66285705566406,168.05464745577578,164.881212468611,165.606013499861,120405400
2021-12-08,171.48272705078125,172.34465094582615,167.19271577624858,168.59334210569654,116998900
2021-12-09,170.97341918945312,173.11842497930937,170.34656947899396,171.31623392989877,108923700
2021-12-10,175.76290893554688,175.93921831838114,171.1007161505561,171.61003610118843,115402700
2021-12-13,172.12913513183594,178.3878413686235,171.92344335477927,177.3985839315142,153237000
2021-12-14,170.7480926513672,174.08803193389883,168.67165647349816,171.64918787846642,139380400
2021-12-15,175.61599731445312,175.81188500506997,168.76961267963995,171.5120851840939,131063300
2021-12-16,168.7206268310547,177.4181772656769,167.2416576691539,175.5963934569458,150185800
2021-12-17,167.62364196777344,169.90577001560484,166.20343763112896,166.43849686489142,195432700
2021-12-20,166.26222229003906,167.07517044282818,164.01928047689202,164.82242453025603,107499100
2021-12-21,169.4356689453125,169.641345814115,165.64517367936028,168.03504264727704,91185900
2021-12-22,172.03118896484375,172.24666990143447,168.61289133008395,169.48460422982922,92135300
2021-12-23,172.6580352783203,173.21633086134378,171.6687927754853,172.23687751170715,68356600
2021-12-27,176.6248321533203,176.71297937182496,173.4318194724349,173.4513977796986,74919600
2021-12-28,175.6061553955078,177.60424826718298,174.86177635337035,176.45828983134115,79144300
2021-12-29,175.69436645507812,176.9186832802021,174.4798387842566,175.6453907930184,62348900
2021-12-30,174.5386199951172,176.85993507638065,174.4308795065752,175.7825301909609,59773000
2021-12-31,173.92156982421875,175.5474513193314,173.61792667706044,174.43087489725414,64062300
2022-01-03,178.27029418945312,179.12242874444533,174.0586568508519,174.1761864672901,104487900
2022-01-04,176.00775146484375,179.1811854730246,175.4396667688889,178.8775573474026,99310400
2022-01-05,171.32598876953125,176.46811917460536,171.0517430102158,175.91962765597447,94537600
2022-01-06,168.46597290039062,171.6981718811385,168.11336910348592,169.15158724290762,96904000
2022-01-07,168.63247680664062,170.56200104833394,167.51590061636946,169.33768439473522,86709100
2022-01-10,168.6520538330078,168.95568194264703,164.71464766914698,165.60595369408608,106765600
2022-01-11,171.48272705078125,171.58066343731596,167.3102603634751,168.77944066896987,76138300
2022-01-12,171.9234619140625,173.53955411934612,171.22805833783443,172.50133585944042,74805200
2022-01-13,168.6520538330078,172.99102446221102,168.26026357438448,172.1682873370073,84505800
2022-01-14,169.51400756835938,170.20941111487983,167.57467907053888,167.81954242119846,80440800
2022-01-18,166.31121826171875,168.99491146380436,165.92923196932753,167.98607548786666,90956700
2022-01-19,162.81455993652344,167.56491564685888,162.53052498206404,166.5071040161468,94815000
2022-01-20,161.12986755371094,166.19363965286126,160.8066461501134,163.54911855874857,91420500
2022-01-21,159.0730438232422,162.91249968467412,158.965303342259,161.04173994454513,122848900
2022-01-24,158.2992401123047,158.9652761385697,151.521424960607,156.7321237742352,162294600
2022-01-25,156.49705505371094,159.41582185177984,153.79376918824497,155.71348938472497,115798400
2022-01-26,156.40892028808594,161.01234841002858,154.57734716045317,160.14063545703362,108275300
2022-01-27,155.9486083984375,160.47367939334515,155.02791959361053,159.1122394434115,121954600
2022-01-28,166.83029174804688,166.8498849998228,159.45500918063075,162.30522203050273,179935700
2022-01-31,171.18887329101562,171.4043542462614,166.02714940989443,166.66380312140188,115541600
2022-02-01,171.02236938476562,171.2476394960686,168.76962343591478,170.43469133018758,86213900
2022-02-02,172.2270965576172,172.266283066221,169.7686736999572,171.15949584991125,84914300
2022-02-03,169.34747314453125,172.61885859356588,168.58350075012603,170.89501118442868,89418100
2022-02-04,169.0631103515625,170.7401162961765,167.38610440694853,168.3668057872498,82465400
2022-02-07,168.34719848632812,170.59299800892276,167.65089393875687,169.52403712153145,77251200
2022-02-08,171.4560089111328,171.9659777736799,168.12161553517308,168.41582891603926,74829200
2022-02-09,172.8780059814453,173.24086063611506,171.5246335396632,172.65244889591918,71285000
2022-02-10,168.79827880859375,172.0934353035554,168.23928692904147,170.7792993410732,90865900
2022-02-11,165.38546752929688,169.73978371917386,164.79704076038374,169.00425774018962,98670700
2022-02-14,165.620849609375,166.3073375649639,163.34561528306318,164.1399809862671,86185500
2022-02-15,169.4553680419922,169.61228383864895,166.96439336840055,167.670499489042,62527400
2022-02-16,169.2200164794922,169.99476394129306,166.7682631690513,168.53352854543166,61177400
2022-02-17,165.620849609375,168.59237351767158,165.21875846241755,167.7293515367512,69589300
2022-02-18,164.0713348388672,167.24879755806595,162.98275576839345,166.54270637048876,82772700
2022-02-22,161.14886474609375,163.47312232621292,159.02072949307376,161.79611631133258,91162800
2022-02-23,156.9808807373047,162.94353209804362,156.66704910552062,162.3453036437316,90009200
2022-02-24,159.59933471679688,159.70721245821238,149.06659738297807,149.63540593186767,141147500
2022-02-25,161.66860961914062,161.9333881865455,157.76540780776472,160.6780917637284,91974200
2022-02-28,161.9333953857422,162.22760877136363,159.2953064697166,159.91315308309024,95056600
2022-03-01,160.05044555664062,163.3848388800103,158.84418717486,161.52149747345592,83474400
2022-03-02,163.34561157226562,164.13017563125035,159.80527916281847,161.21749147612806,79724800
2022-03-03,163.02198791503906,165.6502754224143,162.35511815252505,165.21876441640376,76678400
2022-03-04,160.0210418701172,162.35511593567728,158.97169917829748,161.31557487047283,83737200
2022-03-07,156.22569274902344,161.83530440068967,155.97070087847666,160.2073369360896,96418800
2022-03-08,154.40162658691406,159.73664445127486,152.7932769334802,155.75499927047608,131148300
2022-03-09,159.80531311035156,160.25644240350374,156.33363623957086,158.3636806479608,91454900
2022-03-10,155.46080017089844,157.29470711890718,152.96981007380143,157.10837144656722,105342000
2022-03-11,151.743896484375,156.20609005481433,151.51833939243923,155.8628386400447,96970100
2022-03-14,147.71324157714844,151.14569651195163,147.20328761828517,148.52722554311967,108732100
2022-03-15,152.09695434570312,152.56770172333492,147.47785980558257,147.9878136848799,92964300
2022-03-16,156.51010131835938,156.9121924028267,151.47911432517643,154.01912684826212,102300200
2022-03-17,157.520263671875,157.8929350151505,154.5879758844706,155.54905912498893,75615400
2022-03-18,160.8153839111328,161.30573452736996,156.67682351294607,157.41234943730183,123511700
2022-03-21,162.1884002685547,163.13968181166422,159.8641278042269,160.35447849802293,95811400
2022-03-22,165.56202697753906,166.1504388725233,161.72748069331104,162.31589258829527,81532000
2022-03-23,166.92514038085938,169.30823686478777,164.41453300137204,164.74798274738075,98062700
2022-03-24,170.710693359375,170.77933467330854,166.92518550141648,167.75877268098228,90131400
2022-03-25,171.34814453125,171.89733490405604,169.4161616355689,170.52435897204094,80546200
2022-03-28,172.21115112304688,172.33863211398676,168.68062052174977,168.84733794398963,90371900
2022-03-29,175.50631713867188,175.55534023387025,172.93686947046768,173.28012092274494,100589400
2022-03-30,174.3392791748047,176.14376602591867,173.289921571538,175.1042250130881,92633200
2022-03-31,171.2402801513672,174.5942773022763,171.03432626332767,174.40794163317304,103049300
2022-04-01,170.94607543945312,171.5050824752612,168.6218176816175,170.6714802176125,78751300
2022-04-04,174.99635314941406,175.0453912102986,171.0735477076942,171.20104367313095,76468400
2022-04-05,171.6815643310547,174.85904187741096,171.05391610805626,174.0744778575844,73401800
2022-04-06,168.51388549804688,170.27915061431153,166.84669648547398,169.03365592612585,89058800
2022-04-07,168.81793212890625,170.01438898962488,166.57213259059588,167.85684898260146,77594700
2022-04-08,166.80746459960938,168.46485203266047,165.93464112451483,168.46485203266047,76575500
2022-04-11,162.5512237548828,165.76792249086608,162.3060484551017,165.45410588858888,72246700
2022-04-12,164.4243621826172,166.5917033939569,163.42404279659993,164.7774152033108,79265200
2022-04-13,167.11151123046875,167.73915952284898,163.55157535283024,164.1596054273598,70618900
2022-04-14,162.10011291503906,167.96471752203973,161.85493758758528,167.32725269207126,75329400
2022-04-18,161.88436889648438,163.38484067093813,160.41331696354428,160.75655343597518,69023900
2022-04-19,164.16934204101562,164.58124963118067,160.74670511510743,161.83528382783564,67723800
2022-04-20,164.002685546875,165.62085178233113,162.89450317699752,165.50315744246095,67929800
2022-04-21,163.2082977294922,168.21968163880754,162.70814548680565,165.65024919174274,87227800
2022-04-22,158.66766357421875,164.63032953066207,158.38326676927218,163.24755201100473,84882400
2022-04-25,159.73663330078125,160.0210300948507,155.40193532965264,158.01058942731927,96046400
2022-04-26,153.77395629882812,159.20703454434567,153.69549840448505,159.11877502482716,95623200
2022-04-27,153.54844665527344,156.7062918336278,152.3814094332879,152.90118005015773,88063200
2022-04-28,160.48194885253906,161.34497072445453,155.8628394699356,156.17667104674604,130216800
2022-04-29,154.60757446289062,162.9925746827483,154.21529987659397,158.71671584912355,131747600
2022-05-02,154.91159057617188,155.17636916422146,150.31209888761785,153.68571389859628,123055300
2022-05-03,156.4022216796875,157.6084949183751,153.3032172904116,155.09788730053197,88966500
2022-05-04,162.81602478027344,163.267138972668,156.18647479117334,156.58856589280018,108256500
2022-05-05,153.7445526123047,160.91347698312873,151.9596689981739,160.68791986588977,130525300
2022-05-06,154.47129821777344,156.5927286121708,151.42665191176067,153.2239736359336,116124600
2022-05-09,149.34457397460938,153.0472550938576,148.78476058813538,152.16331792415085,131577900
2022-05-10,151.7507781982422,153.94096598283207,150.1989918029188,152.74275136095326,115366700
2022-05-11,143.8838348388672,152.67400468671187,143.20615431110124,150.75883036017825,142689800
2022-05-12,140.0142059326172,143.58920335731457,136.32135622581737,140.22046241259886,182602000
2022-05-13,144.48294067382812,145.45526685384394,140.55437184575726,142.00793811597927,113990900
2022-05-16,142.9409942626953,144.88564694988057,141.60528003698874,142.9508252776519,86643800
2022-05-17,146.57493591308594,147.09547018171415,144.06063880216985,146.20171700867192,78336300
2022-05-18,138.30523681640625,144.72843858583792,137.40165303300168,144.22755158559363,109742900
2022-05-19,134.897216796875,139.13024664193696,134.1606102580926,137.3820349887972,136095600
2022-05-20,135.13296508789062,138.18742845795921,130.24190028158935,136.60617864285032,137426100
2022-05-23,140.5543975830078,140.7017129465154,135.19189355677787,135.32939289148615,117726300
2022-05-24,137.85348510742188,139.43473470985077,134.87759532556828,138.29544611720485,104132700
2022-05-25,138.0106201171875,139.25792986661668,135.8695424217508,135.95793161918118,92482700
2022-05-26,141.21240234375,141.76239957025606,134.69097882633443,134.93651437290322,90601500
2022-05-27,146.9677734375,147.00705253559786,142.66598536012808,142.79366865497497,90978500
2022-05-31,146.1820068359375,147.96951241008722,144.21772290107256,146.40791027858089,103718400
2022-06-01,146.05435180664062,149.0302410387393,145.04273170111645,147.22308826530934,74286600
2022-06-02,148.50970458984375,148.5686307144866,144.23738071765732,145.1900596961789,72348100
2022-06-03,142.78384399414062,145.327588805216,141.88027492949882,144.27668941243508,88570300
2022-06-06,143.53028869628906,145.91690250386964,142.3124267340464,144.4043948265017,71598400
2022-06-07,146.05435180664062,146.3391664090359,141.5266763270165,141.77221184112562,67808200
2022-06-08,145.3177490234375,147.19362901017018,144.8266779825161,145.9266723185644,53950200
2022-06-09,140.09278869628906,145.3079623441927,139.98475243487303,144.45350326791345,69473000
2022-06-10,134.68118286132812,138.24634933788164,134.61242570462275,137.77492521441144,91437900
2022-06-13,129.52491760253906,132.78562190034356,129.09277263849617,130.49722878533498,122207100
2022-06-14,130.3892059326172,131.49903152365633,129.1320649915738,130.75260877313121,84784300
2022-06-15,133.01153564453125,134.88743119148035,129.79994084447466,131.89189392813557,91533000
2022-06-16,127.73741912841797,130.02581237807436,126.73562983340109,129.72135067721175,108123900
2022-06-17,129.21063232421875,130.70349274398822,127.49188338256819,127.74724995941777,134520300
2022-06-21,133.4436492919922,134.61240084976376,130.93919879539584,131.0374040187389,81000500
2022-06-22,132.93295288085938,135.29990419534238,131.51866571381353,132.38294065988546,73409200
2022-06-23,135.80081176757812,136.11508949160935,133.20795685254018,134.37670851634957,72433800
2022-06-24,139.13027954101562,139.375815112003,137.27403122380292,137.40169953003104,89116800
2022-06-27,139.13027954101562,140.92760171899965,138.45259896728206,140.15170092235036,70207900
2022-06-28,134.9856414794922,140.85884829692233,134.86778919791305,139.59189131103963,67083400
2022-06-29,136.74363708496094,138.15792407261875,134.2293557674798,135.00525640007206,66242400
2022-06-30,134.27847290039062,135.89900141660408,131.38115662088498,134.79900702917675,98964500
2022-07-01,136.44898986816406,136.55702609474315,133.2373961064284,133.6105999003664,71051600
2022-07-05,139.03201293945312,139.08112303452873,134.48469088605682,135.30970151895488,73353800
2022-07-06,140.36776733398438,141.54633502633234,138.56062920663072,138.82581180795694,74064300
2022-07-07,143.7365264892578,143.93295194501385,140.72134254203155,140.73115856961377,66253700
2022-07-08,144.41416931152344,144.9150713790322,142.41060600038625,142.66595755400886,64547800
2022-07-11,142.282958984375,144.02135515880028,141.21242740803473,143.0686758701149,63141600
2022-07-12,143.2552947998047,145.79904008543718,142.45976183286436,143.15707456272145,77588800
2022-07-13,142.891845703125,143.8346936356023,139.5820169555785,140.43649069061456,71185600
2022-07-14,145.81863403320312,146.29005802967413,140.6918512393976,141.50703095418416,78140700
2022-07-15,147.48829650878906,148.16597704358819,145.55347512166446,147.1052616395071,76259900
2022-07-18,144.44366455078125,148.86330457327466,144.08026173602485,148.0481247263253,81420900
2022-07-19,148.30345153808594,148.52934001645056,144.2864940964481,145.27845218517842,82982400
2022-07-20,150.30703735351562,150.97490184976564,147.6847194489196,148.42132610705224,64823400
2022-07-21,152.57582092285156,152.7918934399678,149.22671189385298,151.74099392614767,65086600
2022-07-22,151.33828735351562,153.48918116011728,150.67043785379852,152.61507520531072,66675400
2022-07-25,150.21865844726562,152.27133221190695,149.56062491925485,151.2597268643066,53623900
2022-07-26,148.89276123046875,150.3561434947877,148.1070444852617,149.54096368293668,55138700
2022-07-27,153.9900665283203,154.5204317003286,149.4427584043403,149.8552563235132,78620700
2022-07-28,154.5400848388672,154.82489948966665,151.65258430440582,154.17668202554245,81378700
2022-07-29,159.60792541503906,160.70793488273625,156.65168275313596,158.3606155964203,101786900
2022-08-01,158.62576293945312,160.6686202770066,158.01683964165412,158.13469189637678,67829400
2022-08-02,157.15257263183594,159.50972297268584,156.77936877558471,157.24097682201486,59907000
2022-08-03,163.16326904296875,163.61504600881742,157.87933984085964,157.96772903161715,82507500
2022-08-04,162.84902954101562,164.20439085358342,161.49366822844783,163.04545502447235,55474100
2022-08-05,162.62281799316406,163.11457128010184,160.31157154170887,160.51811452535523,56697000
2022-08-08,162.1507110595703,165.04222255656555,161.49176350864772,163.62597080235415,60276900
2022-08-09,162.1999053955078,163.0850703328182,160.55745118727944,161.31475546531706,63135500
2022-08-10,166.44863891601562,166.54698055787682,164.14722239112217,164.91435623038078,70170500
2022-08-11,165.71102905273438,168.16979550252623,165.41597407733548,167.25512657950156,57149200
2022-08-12,169.261474609375,169.33031226065586,166.60599505436244,167.0190809905204,68039400
2022-08-15,170.33348083496094,170.5301791193321,168.52383260735886,168.6910268994302,54091700
2022-08-16,170.17613220214844,170.84492444042124,168.82873307006977,169.93025557179138,56377100
2022-08-17,171.67105102539062,173.24465231523857,169.72371248841205,169.9204107737534,79542000
2022-08-18,171.27764892578125,172.01527879196829,170.26463844345383,170.88425233332873,62290100
2022-08-19,168.69102478027344,170.87441022573427,168.48448182965225,170.1761140668042,70346300
2022-08-22,164.80621337890625,167.0584369610205,164.38329772382542,166.89124263458586,69026800
2022-08-23,164.47177124023438,165.92737151886493,163.90133572678997,164.32425128292837,54147100
2022-08-24,164.76683044433594,165.33726597260625,163.50794341888323,164.56030249873976,53841500
2022-08-25,167.22561645507812,167.3338027751895,165.57333266477946,165.99623327523008,51218200
2022-08-26,160.9213104248047,168.228770692368,160.86230244265508,167.75669182805456,78961000
2022-08-29,158.71829223632812,160.2132113909233,157.18402441564837,158.4920749241394,73314000
2022-08-30,156.28900146484375,159.87879372642644,155.11862647886383,159.4558931891013,77906200
2022-08-31,154.6268768310547,157.9314589229971,154.54819451849457,157.66590799399623,87991100
2022-09-01,155.35467529296875,155.8070798264191,152.11893087993334,154.05643966038986,74229900
2022-09-02,153.24014282226562,157.71510032446895,152.41400097767612,157.11516076913463,76957800
2022-09-06,151.9812469482422,154.4990209999667,151.15510515135455,153.88925181756636,73714800
2022-09-07,153.3876953125,154.08597659166026,151.0764488090942,152.2664983933652,87449600
2022-09-08,151.91241455078125,153.78107082360773,150.1617592438652,152.08943851032333,84923800
2022-09-09,154.77439880371094,155.21698869351633,152.19761681404773,152.90574262919617,68028800
2022-09-12,160.7344512939453,161.5507634451195,156.67257987610813,156.9577901423654,104956000
2022-09-13,151.30262756347656,157.89211772902357,150.8403783347764,157.26267420589616,122656600
2022-09-14,152.74838256835938,154.50886749732993,151.07642462426648,152.23695501832623,87965400
2022-09-15,149.85687255859375,152.67954626691656,148.88321078041434,152.09926605765543,90481100
2022-09-16,148.2144012451172,148.85368936524756,145.92282969048466,148.71599907903905,162278800
2022-09-19,151.93206787109375,152.0107501857091,146.64081352548533,146.84734147012324,81474200
2022-09-20,154.31216430664062,155.4727097837978,150.5551772691551,150.86989154639073,107689800
2022-09-21,151.18458557128906,156.12179126652225,151.0665696207393,154.74487347927777,101696800
2022-09-22,150.2207794189453,151.9222413623521,148.42096082844884,149.8667164993867,86652500
2022-09-23,147.94886779785156,148.97172290795524,146.10971554201328,148.69634230303134,96029900
2022-09-26,148.2832794189453,151.2337989231627,147.1719122700789,147.19158660210013,93339400
2022-09-27,149.25692749023438,152.16811306913462,147.47678328794686,150.22077457787657,84442700
2022-09-28,147.36863708496094,148.15544542907958,142.45110369312064,145.2049253939754,146691400
2022-09-29,140.12997436523438,144.30004650786495,138.35966001189522,143.6902774000374,128138200
2022-09-30,135.9206085205078,140.7397998435746,135.72391020279727,138.9498106360333,124925300
2022-10-03,140.1004638671875,140.71024795379824,135.41897946775094,135.93040692542345,114311700
2022-10-04,143.69032287597656,143.80833886784444,141.8806592936553,142.63796359142103,87830100
2022-10-05,143.9853515625,144.94919877755754,140.65126498965273,141.6937945288243,79471000
2022-10-06,143.03134155273438,145.1065408456924,142.8248135939426,143.40507882099124,68402200
2022-10-07,137.7794189453125,140.73978304959337,137.1499753994762,140.18900681575843,85925600
2022-10-10,138.10397338867188,139.5497290653031,136.28449546728626,138.10397338867188,74899000
2022-10-11,136.68771362304688,139.01863396780078,135.94025417061508,137.59253769929057,77033700
2022-10-12,136.0582733154297,138.04496046792565,135.88124936484056,136.8352517842159,70433700
2022-10-13,140.63160705566406,141.22170198168052,132.1537703856876,132.76355465182596,113224000
2022-10-14,136.09762573242188,142.1363546632189,135.9107571080086,141.92981170804703,88598000
2022-10-17,140.06114196777344,140.5430504714938,137.95643899314493,138.743247069302,85250900
2022-10-18,141.3790283203125,144.2803688565933,138.29081918893948,143.09033465697712,99136600
2022-10-19,141.4872283935547,142.5592467457927,139.1661527370201,139.35302135031444,61758300
2022-10-20,141.02500915527344,143.48377562705596,140.29720887706276,140.6611165197279,64522000
2022-10-21,144.8409881591797,145.41142365797057,140.29717849836038,140.51355110159543,86548600
2022-10-24,146.9850311279297,147.75216493318766,143.5919369881937,144.76231202642796,75981900
2022-10-25,149.827392578125,149.97492757312142,146.89654709772452,147.61450271725704,74732300
2022-10-26,146.88671875,149.48317560972512,145.59831248015067,148.4701649982454,88194300
2022-10-27,142.41175842285156,146.59166146526223,141.75281080290236,145.62782920100577,109180200
2022-10-28,153.1713104248047,154.90227649289278,145.3819406077306,145.75566287950778,164762400
2022-10-31,150.81089782714844,151.6960627678098,149.41432026169932,150.63387384328797,97943200
2022-11-01,148.16525268554688,152.88608702918296,146.6703335656384,152.52219441549875,80379300
2022-11-02,142.63792419433594,149.66015890619101,142.60842020451807,146.4932672707352,93604600
2022-11-03,136.58935546875,140.4446982431596,136.4614948514773,139.71689820139042,97918500
2022-11-04,136.32337951660156,140.5496142487395,132.3828281448323,139.97823249599168,140814800
2022-11-07,136.85537719726562,137.08195474161485,133.65367850914586,135.0722797176196,83374600
2022-11-08,137.42672729492188,139.32803609159419,135.44660566800263,138.32320632796907,89908500
2022-11-09,132.86557006835938,136.49088607476932,132.58973260430815,136.44162616361422,74917800
2022-11-10,144.68722534179688,144.68722534179688,137.42676248525757,139.14090816003963,118854000
2022-11-11,147.4751739501953,147.78056436308594,142.22438595277526,143.65284825618983,93979700
2022-11-14,146.07626342773438,148.04653945457946,145.23889010351994,146.75601106211803,73374100
2022-11-15,147.8101043701172,151.3073474058049,146.35210428518187,149.95771310615612,89868300
2022-11-16,146.5786590576172,147.642609775535,145.100952232511,146.91361736230309,64218300
2022-11-17,148.48001098632812,149.22871050736455,143.97792279490108,144.2537602517047,80389400
2022-11-18,149.04153442382812,150.43058273283654,147.74115996689468,150.04637948055915,74829600
2022-11-21,145.81027221679688,148.1351985339266,145.52458880647748,147.928327968664,58724100
2022-11-22,147.94802856445312,148.1844671134609,144.7463298277078,145.92850754073268,51804100
2022-11-23,148.8247528076172,149.57345201415302,147.120453840833,147.22881958420072,58301400
2022-11-25,145.90878295898438,146.66734339247978,144.9334909730617,146.10580754336945,35195900
2022-11-28,142.0766143798828,144.4606467175549,141.24910200456142,142.98293960504637,69246000
2022-11-29,139.07191467285156,142.6578160052338,138.26410941652946,142.14554009146167,83763800
2022-11-30,145.82997131347656,146.50971891238402,138.4611435666205,139.29850181511986,111380900
2022-12-01,146.10580444335938,146.9136247638141,144.43107296360157,146.00729966926298,71250400
2022-12-02,145.61325073242188,145.80042936443078,143.48534896644694,143.79075438457457,65447400
2022-12-05,144.45079040527344,148.6770258303521,143.60357112015112,145.57384712908555,68826400
2022-12-06,140.78607177734375,145.11082689130228,139.81077976944414,144.8842493657544,64727200
2022-12-07,138.8453369140625,141.23921477643742,137.91930489039092,140.07675927915528,69721100
2022-12-08,140.5299072265625,141.38698737134578,139.00295559622268,140.24422386630843,62128300
2022-12-09,140.04722595214844,143.40655024212361,138.80594241386282,140.22454358218158,76097000
2022-12-12,142.34255981445312,142.35240578049246,138.96352949381463,140.57915481281114,70462700
2022-12-13,143.3080291748047,147.7411502710795,142.0963136174533,147.27813419846305,93886200
2022-12-14,141.0816192626953,144.48034234830936,139.06208336103646,143.1898139764628,82291200
2022-12-15,134.4713134765625,139.69254696960033,134.00829749499812,139.01279946338835,98931900
2022-12-16,132.51092529296875,135.60425843945495,131.7425187492694,134.65853424660116,160156900
2022-12-19,130.40267944335938,133.19062108581718,129.36829682919725,133.10196229580487,79592600
2022-12-20,130.33375549316406,131.26963355148135,127.9595693949815,129.43727633927585,77432800
2022-12-21,133.43692016601562,134.77670825725167,130.77705094971176,131.00362844860888,85928000
2022-12-22,130.26480102539062,132.56017450128888,128.3634917913713,132.35330392731453,77852100
2022-12-23,129.9003143310547,130.45198927834147,127.71330648144284,128.97428208438834,63814900
2022-12-27,128.09750366210938,129.45699902617415,126.80697517918489,129.42744608626094,69007800
2022-12-28,124.16679382324219,129.08263031505834,123.99932216789122,127.7428420402377,85438400
2022-12-29,127.68373107910156,128.54079629058208,125.83167442757419,126.08780488461109,75703700
2022-12-30,127.99896240234375,128.01866936965655,125.53612512465858,126.50156359082803,77034200
2023-01-03,123.21119689941406,128.9545451464431,122.32457128587431,128.3437644584535,112117500
2023-01-04,124.48204040527344,126.7478608503369,123.22106494631889,125.00416235162118,89113600
2023-01-05,123.16195678710938,125.87108644843491,122.90582630338176,125.24059869217061,80962700
2023-01-06,127.693603515625,128.35364427912103,123.03390422681609,124.1372616720093,87754700
2023-01-09,128.21571350097656,131.4272732222333,127.95958301489433,128.53096489801374,70790800
2023-01-10,128.78707885742188,129.30920076375085,126.21586822934367,128.32406282244906,63896200
2023-01-11,131.50608825683594,131.52578019546752,128.5211210646013,129.29937353694692,69458900
2023-01-12,131.42726135253906,132.26461961526783,129.48653833184324,131.89027740511193,71379600
2023-01-13,132.7572021484375,132.91482784880117,129.70328312196565,130.06777940104425,57809700
2023-01-17,133.91964721679688,135.24957434953774,132.1365500404185,132.82614355724837,63646600
2023-01-18,133.2005157470703,136.5499789381121,133.02318309021993,134.78658853017248,69672800
2023-01-19,133.25962829589844,134.22505937639417,131.78192122019502,132.0873116107182,58280400
2023-01-20,135.82098388671875,135.96876361967614,132.2252358649708,133.26947983700657,80223600
2023-01-23,139.01283264160156,141.18999437445396,135.85053284595898,136.06726442233395,81760300
2023-01-24,140.4117431640625,141.03238502581226,138.21488923833545,138.22473520857972,66435100
2023-01-25,139.75169372558594,140.31321463501226,136.74701946562928,138.79610855058309,65799300
2023-01-26,141.82046508789062,142.10614847767724,139.79106829556534,141.0421976938989,54105100
2023-01-27,143.7611846923828,145.04186713056833,140.95355034191297,141.03236318771044,70555800
2023-01-30,140.87474060058594,143.38684562469143,140.72697590646771,142.80561778514152,64015300
2023-01-31,142.1455535888672,142.19481349464007,140.16543164570373,140.57918779657314,65874500
2023-02-01,143.26861572265625,144.43108640849707,139.21971287170524,141.83032262446247,77663600
2023-02-02,148.57850646972656,148.9331416858034,145.96788199485025,146.68702845858084,118339000
2023-02-03,152.20379638671875,155.04099817815143,145.63292879315281,145.82995335488886,154357300
2023-02-06,149.47496032714844,150.8246093903739,148.53908238509402,150.30248753748006,69858300
2023-02-07,152.35157775878906,152.9229595728958,148.4011799958932,148.4011799958932,83322600
2023-02-08,149.6621856689453,152.2826567508102,148.92333205780398,151.59306305348133,64120100
2023-02-09,148.6277618408203,152.0363458567265,148.18445275739066,151.49451696275133,56007100
2023-02-10,148.9927978515625,149.3183915069066,147.22671535677526,147.4635148483787,57450700
2023-02-13,151.7948760986328,152.19938787253557,148.90400724096855,148.93360529625505,62199000
2023-02-14,151.153564453125,151.71595766811416,148.8448255867729,150.08798919443248,61707600
2023-02-15,153.255126953125,153.4228543120151,150.83785669682248,151.06478017591323,65573800
2023-02-16,151.65675354003906,154.24175084931028,151.3015618059057,151.45941308943844,68167900
2023-02-17,150.51226806640625,150.9562540378776,148.83497936586727,150.31494264074843,59144100
2023-02-21,146.49661254882812,149.27895045459564,146.42755543146694,148.19363813923312,58867200
2023-02-22,146.9208526611328,147.94695363892336,145.19422929242756,146.88137855335566,51011300
2023-02-23,147.40431213378906,148.33175804369702,145.27317680704334,148.0850975380816,48394200
2023-02-24,144.75027465820312,145.22385866894857,143.77349352201168,145.1449254913303,55469600
2023-02-27,145.944091796875,147.17739437262094,145.48036882399748,145.736905394929,44998500
2023-02-28,145.44093322753906,147.08862392793702,144.86867893348426,145.085741426228,50547000
2023-03-01,143.3689727783203,145.26332395747403,143.07297711330398,144.86867310742886,55479000
2023-03-02,143.9609375,144.75025410916558,141.97777744941413,142.45137644789077,52238100
2023-03-03,149.0125732421875,149.09150642636217,145.36200004016092,146.06250758539213,70732300
2023-03-06,151.77516174316406,154.21216902598104,151.41010897005816,151.7356876269036,87558000
2023-03-07,149.57492065429688,151.97245328646787,149.11119774886313,151.64685964722966,56182000
2023-03-08,150.82798767089844,151.41997901042942,149.80188641133856,150.76879154793838,47204800
2023-03-09,148.57843017578125,152.47566345847628,148.2232384177023,151.50875841619168,53833600
2023-03-10,146.5163116455078,148.92372011770226,145.6382010196624,148.2034757977292,68572400
2023-03-13,148.4600372314453,151.09436981836478,145.72703441304543,145.83556564568843,84457100
2023-03-14,150.55169677734375,151.35087437586574,148.09496787151124,149.25919818665145,73695900
2023-03-15,150.94638061523438,151.20290214198522,147.91738213550175,149.17042182051847,77167900
2023-03-16,153.7681884765625,154.37004080347904,149.6144183096525,150.1274764543104,76161100
2023-03-17,152.9295196533203,154.64628226147335,152.21913616408204,153.99509488717774,98944600
2023-03-20,155.29745483398438,155.7118577491849,152.0908681263484,152.99859207349292,73641400
2023-03-21,157.15231323242188,157.27070543726325,154.44890913385126,155.2185036301999,73938300
2023-03-22,155.72171020507812,159.97413485829682,155.7019731494937,157.17207516380427,75701800
2023-03-23,156.80702209472656,159.39203464017027,155.57371946683134,156.70836691747317,67622100
2023-03-24,158.10940551757812,158.19819969843707,155.74147036488569,156.73797352277555,59196500
2023-03-27,156.16571044921875,158.62245469903792,155.76118357485748,157.8035399490982,52390300
2023-03-28,155.5441131591797,156.3729039229444,153.8964227422894,155.85984584155918,45992200
2023-03-29,158.62245178222656,158.8987103608656,157.22142183199622,157.241143834068,51305700
2023-03-30,160.19122314453125,160.29975438530866,159.1157867936236,159.37230833774987,49501700
2023-03-31,162.6973114013672,162.7959816546598,159.747260520501,160.27017974202465,68749800
2023-04-03,163.9503173828125,164.06870961825848,162.02636828199599,162.07570339841976,56976200
2023-04-04,163.41754150390625,164.61137005549932,162.90448337873613,164.37458557847017,46278300
2023-04-05,161.572509765625,162.84528654392068,159.63869962188485,162.53942989245922,51511700
2023-04-06,162.4604949951172,162.75649064193277,159.83602334429725,160.26027222926052,45390100
2023-04-10,159.86561584472656,159.86561584472656,157.94166678976978,159.26376357061562,47716900
2023-04-11,158.65206909179688,160.1912285181147,158.3659344224378,160.18136751588224,47644200
2023-04-12,157.96139526367188,159.8952052146149,157.64566258721274,159.0664295213536,50133100
2023-04-13,163.3484649658203,163.58526449148977,159.26376724154565,159.47096870837692,68445600
2023-04-14,163.00314331054688,164.0983166124722,161.63171143290737,162.39141498863978,49386500
2023-04-17,163.0228729248047,163.1807392768596,161.83890539432053,162.8847436304976,41516200
2023-04-18,164.24632263183594,165.17376867697192,163.43726882906975,163.8812698478859,49923000
2023-04-19,165.3908233642578,165.91374248336922,163.32872989204589,163.58526647837797,47720200
2023-04-20,164.4239044189453,165.62760901810955,163.34846811386117,163.87138723669895,52456400
2023-04-21,162.81570434570312,164.22659550246317,162.2927851703339,162.84530240808513,58337300
2023-04-24,163.1215362548828,163.38793383083043,161.70076925644653,162.79594256316088,41949600
2023-04-25,161.58238220214844,164.08844653165775,161.54290808705858,162.98341218856248,48714100
2023-04-26,161.572509765625,163.07221001839787,160.625341751742,160.8818632857178,45498800
2023-04-27,166.16041564941406,166.30840595665688,162.98342657757053,162.98342657757053,64902300
2023-04-28,167.4134063720703,167.58114875947356,165.63746282624027,166.23931504498196,55275900
2023-05-01,167.32464599609375,168.17315888477142,166.38733892318547,167.01878932487827,52472900
2023-05-02,166.28868103027344,168.07451617943886,165.30203876342605,167.81797955488014,48425700
2023-05-03,165.21324157714844,168.63689138543253,164.92712194913543,167.23586119850705,65136000
2023-05-04,163.57537841796875,164.8086809772467,162.11515240317325,162.68740659727376,81235400
2023-05-05,171.25146484375,171.9717093122383,168.478988085668,168.69605053726107,113453200
2023-05-08,171.18238830566406,171.52771903028287,169.8109565174022,170.17600924259867,55962800
2023-05-09,169.4755096435547,171.22185523763014,169.30778230115573,170.73841026688106,45326900
2023-05-10,171.24160766601562,171.70533067690712,169.60377809797177,170.70882753380215,53724500
2023-05-11,171.42904663085938,172.2578222934666,169.8701504721675,171.52771685234399,49514700
2023-05-12,170.50035095214844,171.97247152405595,168.94917294661113,171.5377460938216,45533100
2023-05-15,170.00631713867188,171.1326441539854,169.4135070987024,171.08324080469038,37266700
2023-05-16,170.00631713867188,171.06347644981523,169.73955111310707,169.92727479495693,42110300
2023-05-17,170.61891174316406,170.85602374756016,168.37613188825594,169.65066921503973,57951600
2023-05-18,172.9506072998047,173.13833101906644,170.51022910097907,170.92519018134206,65496700
2023-05-19,173.05926513671875,174.27450921230027,172.84190244667505,174.27450921230027,55809500
2023-05-22,172.11080932617188,172.61470252401188,171.36980410656224,171.8934465890232,43570900
2023-05-23,169.50244140625,171.300620989034,169.22580071286586,171.05361929309908,50747300
2023-05-24,169.7790985107422,170.35214430979713,168.4749372695529,169.03809335131075,45143500
2023-05-25,170.9153289794922,171.81440385308167,169.6309169197775,170.34228313513364,56058300
2023-05-26,173.32603454589844,173.6619683326656,171.03386649216068,171.24135456411133,54835000
2023-05-30,175.17359924316406,176.84333305757605,174.45235853913644,174.83768056740178,55964400
2023-05-31,175.1242218017578,177.19904230758075,174.64009299685546,175.20326416230037,99625300
2023-06-01,177.93016052246094,177.95979952365096,174.8080550736066,175.568824614325,68901800
2023-06-02,178.7798309326172,179.5998784017098,177.11009699591673,178.8588732872537,61996900
2023-06-05,177.42625427246094,182.7318457046313,175.90471543246178,180.43967788018574,121946500
2023-06-06,177.06069946289062,177.95977416384898,175.30203354675976,177.81157917901706,64848400
2023-06-07,175.68740844726562,179.03675150695423,175.1934049571889,176.29996795070792,61944600
2023-06-08,178.40440368652344,178.67115468077665,175.3317017878174,175.76641213704826,50214900
2023-06-09,178.78973388671875,180.0444917855316,178.4636898031236,179.32325097528164,48900000
2023-06-12,181.58578491210938,181.68459163427195,178.79961324143656,179.09601833213515,54274900
2023-06-13,181.11154174804688,181.94146392274692,180.25198057252106,180.60766365821948,54929100
2023-06-14,181.74383544921875,182.1785608236948,179.83698969165084,181.17078973520816,57462900
2023-06-15,183.7791290283203,184.2830221162751,181.57587821037063,181.75372726370364,65433200
2023-06-16,182.7022247314453,184.7474061455162,182.0600263098281,184.49051471623886,101256200
2023-06-20,182.79112243652344,183.8680612460024,182.19832743508823,182.19832743508823,49799100
2023-06-21,181.75375366210938,183.18636063386023,180.40017397466633,182.68246747271866,49515700
2023-06-22,184.75729370117188,184.80669706223912,181.46722885451086,181.53639657516283,51245300
2023-06-23,184.44110107421875,185.31055187722217,182.79113153727351,183.3246636484937,53117000
2023-06-26,183.0480194091797,185.79467703737228,183.0084906957425,184.5893075659166,48088700
2023-06-27,185.8045654296875,186.13060949863421,183.4432296659109,183.66059237854205,50730800
2023-06-28,186.9802703857422,187.62246871870772,185.35006534003824,185.67609428855022,51216800
2023-06-29,187.31619262695312,187.79044671269003,186.67399428172388,186.81231462111722,46347300
2023-06-30,191.6436767578125,192.14755478947328,188.9661717445866,189.33174450555188,85213200
2023-07-03,190.15179443359375,191.55476227365418,189.46017761633829,191.4559555638213,31458200
2023-07-05,189.0353546142578,190.66555990536892,188.33386310926684,189.27248168829453,46920300
2023-07-06,189.5095977783203,189.71708585705593,186.93089921117289,187.56322301313529,45094300
2023-07-07,188.39312744140625,190.35926638037827,187.95841711755844,189.11438325252212,46815000
2023-07-10,186.34796142578125,187.71141562141005,184.79678352776446,186.9901598095207,59922200
2023-07-11,185.82432556152344,187.0296950947768,184.3620796809065,186.8913747422291,46638100
2023-07-12,187.4940643310547,189.4009103170613,186.20965240962747,187.40513225686783,60750200
2023-07-13,188.25482177734375,188.897035286273,187.5039419858172,188.2153081360164,41342300
2023-07-14,188.40301513671875,188.88712881002033,187.35573036289856,187.948525384943,41616200
2023-07-17,191.66346740722656,191.98951149918832,189.50960448705806,189.59852149146877,50520200
2023-07-18,191.40655517578125,191.99936529239264,190.1122686661601,191.03112283932904,48288200
2023-07-19,192.76011657714844,195.85256735078863,190.33948805911442,190.784103142532,80507300
2023-07-20,190.81375122070312,194.1136901954007,190.19130213491889,192.7502360363635,59581200
2023-07-21,189.63803100585938,192.63169045749675,188.93653953192955,191.77212935032986,71951700
2023-07-24,190.4383087158203,192.57240699977407,189.94430532096735,191.09039681521514,45377800
2023-07-25,191.29788208007812,192.10805493602857,190.60628029804008,191.01136672601527,37283200
2023-07-26,192.16732788085938,193.29365506077994,191.00148706119938,191.34728040522955,47471900
2023-07-27,190.90269470214844,194.83495794865564,190.24073188727883,193.66911704133602,47460200
2023-07-28,193.48138427734375,194.27179277672036,191.8116502798051,192.3352927070371,48291400
2023-07-31,194.0939483642578,194.13347708185938,192.91821776612247,193.70862628447964,38824100
2023-08-01,193.2640380859375,194.37060103419574,192.93799398672795,193.8864872822275,35175100
2023-08-02,190.2703399658203,192.8391484466102,189.5490992662055,192.70082810591987,50389300
2023-08-03,188.8772735595703,190.06287880115997,188.40303447809214,189.2724853572926,61235200
2023-08-04,179.807373046875,185.13272939460776,179.7382053306166,183.2950360404776,115956800
2023-08-07,176.7050323486328,180.93370048918646,175.2230220636036,179.9456936325003,97576100
2023-08-08,177.6436309814453,178.10799539743132,175.45025461361834,177.5349496271552,67823000
2023-08-09,176.05294799804688,178.76007719518685,174.88709204262926,178.70079919463467,60378500
2023-08-10,175.83555603027344,178.58221348809383,175.46999837048295,177.32744074056737,54686900
2023-08-11,175.8948974609375,176.7160521517462,174.6681245076536,175.4299211647412,52036700
2023-08-14,177.54713439941406,177.77467859210861,175.42004228880285,176.07301094207762,43675600
2023-08-15,175.55857849121094,177.56693975444728,175.1628480821964,176.97334414092546,43622600
2023-08-16,174.6879425048828,176.6369303294026,174.61868139075943,175.24197103328896,46964900
2023-08-17,172.14535522460938,175.61793712814787,171.6308936142582,175.25188574378228,66062900
2023-08-18,172.630126953125,173.23362560342792,170.12709527960956,170.46346761685473,61172200
2023-08-21,173.96571350097656,174.2526308376999,171.88810651020768,173.2039318191006,46311900
2023-08-22,175.34091186523438,175.78611232307705,174.3713618531986,175.17272569654475,42038900
2023-08-23,179.18943786621094,179.61486234805133,176.42918310654636,176.61716031274474,52722800
2023-08-24,174.49998474121094,179.16967585239115,174.13391827576947,178.74425133745834,54945800
2023-08-25,176.70619201660156,177.2404295003986,173.9459373407173,175.4893068451812,51449600
2023-08-28,178.2693328857422,178.6650631932981,176.64681447093324,178.17039276078143,43820700
2023-08-29,182.15745544433594,182.9291401969668,177.58670497165372,177.78457014737916,53003900
2023-08-30,185.6498260498047,185.84770631972717,182.77085531463172,182.9687204884091,60813900
2023-08-31,185.86749267578125,187.10416895130786,185.48165028166278,185.8378136528603,60794500
2023-09-01,187.4405517578125,187.89564016216337,186.27312153245367,187.47023078000296,45766500
2023-09-05,187.67799377441406,187.9550080601447,185.6102746073009,186.27313129788112,45280000
2023-09-06,180.96038818359375,186.83707686156265,179.53573455303794,186.39186127990337,81755800
2023-09-07,175.6673583984375,176.3104390067485,171.69020396611324,173.31272235153685,112488800
2023-09-08,176.28077697753906,178.3188321743013,175.89493458078306,176.4489782367689,65551300
2023-09-11,177.44821166992188,178.3781946740771,175.44973851819339,178.15065045906456,58953100
2023-09-12,174.42083740234375,178.21001559327632,172.95661681425068,177.57683789873767,90370200
2023-09-13,172.3531036376953,175.4101637291933,172.12554433664133,174.62857587906927,84267900
2023-09-14,173.86680603027344,174.2229694212733,171.72982568427443,172.14534712441645,60895800
2023-09-15,173.14456176757812,174.61868528190746,171.967258666553,174.59889423512476,109259500
2023-09-18,176.072998046875,177.46797231412128,174.29218143934185,174.59887469750015,67257600
2023-09-19,177.16128540039062,177.71531389898738,175.2419616044344,175.6278039585389,51826900
2023-09-20,173.6194610595703,177.78457830053213,173.5304088946865,177.3492658362857,58436200
2023-09-21,172.07608032226562,174.42082885900223,172.006834299268,172.68948203416045,63149100
2023-09-22,172.92691040039062,175.19250979208792,172.19480770645978,172.8081943086496,56725400
2023-09-25,174.20318603515625,175.0836990271703,172.2937498255981,172.34321990077478,46172700
2023-09-26,170.12710571289062,173.33256128157663,169.8303003575296,172.95662192119033,64588900
2023-09-27,168.61338806152344,171.19556880826096,167.24810767663843,170.78004737841366,66921800
2023-09-28,168.8706512451172,170.19636482534483,165.83336652572615,167.53503459138946,56294400
2023-09-29,169.38507080078125,171.22524557281096,168.52433390834895,170.18643455541363,51861100
2023-10-02,171.89797973632812,172.44212024536975,169.108031178775,169.39494849088058,52164500
2023-10-03,170.56236267089844,171.77926282963776,168.99921735596456,170.4238555507343,49594600
2023-10-04,171.80899047851562,172.35313113894352,169.14766032708945,169.26637643621984,53020300
2023-10-05,173.04562377929688,173.57986123329636,170.83938266052527,171.93755168454948,48527900
2023-10-06,175.59814453125,176.092815045354,171.33407201891083,171.94747372177912,57266700
2023-10-09,177.0821533203125,177.1415113656987,173.92615307401468,174.9253820623563,42390800
2023-10-10,176.488525390625,177.80435062036204,176.05321297222847,176.20162316730602,43698000
2023-10-11,177.88352966308594,177.9329997364432,175.7069823006886,176.30057789253502,47551100
2023-10-12,178.78384399414062,180.39645978644091,177.13163100626258,178.1506662685904,56743100
2023-10-13,176.94366455078125,179.9908219020002,176.24122571645097,179.48626336769357,51427100
2023-10-16,176.81503295898438,177.17119633941073,174.6285826048942,174.86602989056055,52517000
2023-10-17,175.2617645263672,176.51823191229096,172.93682206936518,174.76709399132676,57549400
2023-10-18,173.96571350097656,175.68717223288098,173.2434988158149,173.70849028197048,54764400
2023-10-19,173.5897979736328,175.94441955236843,173.32267164674883,174.16360253338752,59302900
2023-10-20,171.0372772216797,173.55019672394363,170.7998299466356,173.44136860989997,64244000
2023-10-23,171.15599060058594,172.15521956196545,168.11870652701532,169.08827156264798,55980100
2023-10-24,171.59130859375,171.81885280099095,169.62251453312876,171.20546620053886,43816600
2023-10-25,169.2762451171875,171.21534495437086,168.83102960610762,170.04792986204652,57157000
2023-10-26,165.11111450195312,169.55326090861308,163.90411730631092,168.55401686361284,70625300
2023-10-27,166.42697143554688,167.15908932984757,165.05178782457457,165.13093692905153,58499100
2023-10-30,168.47488403320312,169.3455090048735,167.07002152646473,167.218431744534,51131000
2023-10-31,168.9497833251953,169.07838740239757,166.1103641120373,167.54492077929578,44846000
2023-11-01,172.1156463623047,172.37286957481675,168.30667766450742,169.1773025316942,56934900
2023-11-02,175.67730712890625,175.88506030695757,173.58979679508,173.64915484595178,77334800
2023-11-03,174.76708984375,174.93529110628108,171.5022764668811,172.38278939451087,79829200
2023-11-06,177.319580078125,177.51744525540883,174.3317811800047,174.49996733550321,63841300
2023-11-07,179.8820037841797,180.4953904276926,177.06237564620827,177.27012882075113,70530000
2023-11-08,180.94056701660156,181.4945955371222,179.65442075331012,180.40632954214095,49340300
2023-11-09,180.4656982421875,182.1574629246798,179.87208759448916,181.00983881988668,53763500
2023-11-10,184.65611267089844,184.8245355233408,181.81296804065445,182.2488540012565,66133400
2023-11-13,183.07107543945312,184.2895637344097,182.48659891185952,184.0815368898242,43627500
2023-11-14,185.68638610839844,186.35011603301572,184.55705211313364,185.94394820695575,60108400
2023-11-15,186.2510528564453,187.72711849110286,186.02320887124122,186.09256123667055,53790500
2023-11-16,187.9351348876953,189.1734402500684,186.88503924293582,187.7964452917508,54412900
2023-11-17,187.91534423828125,188.5988913131576,186.80582731444395,188.47010270019993,50922700
2023-11-20,189.6588897705078,190.11459289941732,188.10358573904105,188.11348674243894,46505100
2023-11-21,188.8564453125,189.72821721009598,187.96487141071046,189.6192457228965,38134500
2023-11-22,189.5201873779297,191.12502655036587,189.0446822742513,189.69851123933077,39617700
2023-11-24,188.19271850585938,189.11401054524026,187.47945332619432,189.08429242242372,24048300
2023-11-27,188.01438903808594,188.88616092409407,187.13271615011263,188.14317764380084,40552600
2023-11-28,188.61866760253906,189.2923135830507,187.62802330816433,188.00447297715706,38415400
2023-11-29,187.59832763671875,190.29288164913223,187.2020759179661,189.11401237919708,43014200
2023-11-30,188.1728973388672,188.53944603911236,186.42936866830843,188.06392585220516,48794400
2023-12-01,189.4508514404297,189.76784980640184,187.4596464071562,188.54936135651158,45704800
2023-12-04,187.6577606201172,188.27197042434886,185.69628894913777,188.2026180609542,43389500
2023-12-05,191.61045837402344,192.58128575658978,188.4007647355339,188.43049797744138,66628400
2023-12-06,190.52073669433594,192.93789631295678,190.3126947209947,192.63079897005184,41089700
2023-12-07,192.45248413085938,193.17565028147504,191.77883810543793,191.8184723448333,47477700
2023-12-08,193.8790283203125,194.15640755182167,191.8581052152776,192.38314555463674,53406400
2023-12-11,191.37266540527344,191.6797778466323,189.62913681721145,191.30332816215127,60943700
2023-12-12,192.8883819580078,192.8982829604503,189.92634969600132,191.27362671385956,52696900
2023-12-13,196.10797119140625,196.1475903161728,193.02706651664724,193.26481149731427,70404200
2023-12-14,196.25656127929688,197.75242887078264,194.32480773637585,196.16740691178524,66831600
2023-12-15,195.7216339111328,196.54385551373443,195.15695931123605,195.68199966761293,128538400
2023-12-18,194.0573272705078,194.79040955452615,192.5713606983871,194.25545312358386,55751900
2023-12-19,195.09750366210938,195.10740466398735,194.05732405565033,194.32480226669028,40714100
2023-12-20,193.0072479248047,195.8305753609382,193.0072479248047,195.05787394759355,52242800
2023-12-21,192.85865783691406,195.23621363050395,191.6897046199928,194.26538628403978,46482500
2023-12-22,191.78875732421875,193.58182122700063,191.164646529934,193.35396213687642,37149600
2023-12-26,191.24391174316406,192.0760494430794,191.02596875756228,191.7986702097743,28919300
2023-12-27,191.3429718017578,191.6897034098951,189.3022466284661,190.68915794498034,48087700
2023-12-28,191.7689666748047,192.83886456296054,191.3627987965534,192.3237251836183,34049900
2023-12-29,190.728759765625,192.58125990446206,189.9362412446781,192.08593771837442,42672100
